{"ConH2H":[[-0.8663155254748649,0.3735454248180905,0.8608729899393857],[0.053857555519812195,0.3078379243610454,0.4023811889983533],[0.5243960799972682,-0.9050709732273761,-0.3435315476799846]],"ConH2O":[[0.5128209722651722,-0.2693226582168464],[0.9651005726420687,0.5067116704111658],[-0.8546282343595378,0.7694142576316829]],"ConI2H":[[-0.7369244245224786,-0.0826997359535604,-0.5620816275750421],[0.357729433481371,0.8693857924534776,0.03883274404549497],[-0.9308557790703051,0.059400386282114415,-0.9846036278768017]],"ExHidden":[true,true,true],"ExInput":[0.0,0.0,0.0],"ExOutput":[true,true],"THidden":[0.0,0.0,0.0]}