{"population":[{"ConH2H":[[-0.8185342108387403,-0.8525018495551661,-0.23171570406389286],[0.8276348841420531,-0.07110835010312588,-0.8998320325825848],[0.540409094003889,-0.7492692488445453,0.3769106021083688]],"ConH2O":[[0.2590868362480159,0.45082399732158374],[0.7771444281345254,-0.3873563382347688],[0.026547404357756266,0.6919631206272883]],"ConI2H":[[-0.127177188968721,-0.044536469763183706,-0.4501863198470434],[-0.6669855996106944,0.7953125734644289,-0.8788713449329727],[0.009045789869221776,-0.3619341178290939,-0.012046629586633828]],"ExHidden":[true,true,true],"ExInput":[0.0,0.0,0.0],"ExOutput":[true,true],"THidden":[0.0,0.0,0.0]},{"ConH2H":[[0.6840792254627948,-0.5744969708982198,-0.7391454763938072],[-0.4508237050472139,-0.1714134739417713,0.41963918548684154],[-0.5201783902778114,-0.36492092738302884,0.3041173724374806]],"ConH2O":[[0.36269242736792906,-0.22454932596416655],[-0.7049339937094534,0.6911513193308727],[0.910817653407274,-0.7036968759703923]],"ConI2H":[[0.6830212791404706,-0.16921076914285638,-0.06416526299608993],[-0.6433445926347117,0.1433096214169911,-0.9338924913960386],[-0.003039761882824843,0.49658530247578936,0.7814749631435225]],"ExHidden":[true,true,true],"ExInput":[0.0,0.0,0.0],"ExOutput":[true,true],"THidden":[0.0,0.0,0.0]},{"ConH2H":[[-0.5934993309939143,0.8033469979015384,-0.7159579361690772],[-0.17937392856170153,0.7712967422813972,-0.6756028966823865],[-0.2693219428865783,-0.7297812639518864,-0.08938543154507161]],"ConH2O":[[-0.09539966168429292,0.8633488013151043],[-0.5695032318288993,0.8178437710715796],[0.7217196719458747,0.011911750289773648]],"ConI2H":[[-0.18246661238294237,0.1297973611127743,-0.02297090158876447],[0.9221902819222034,-0.6004856019042942,0.25853831281679507],[0.3025074828688239,0.6061459921559131,-0.04713639412009585]],"ExHidden":[true,true,true],"ExInput":[0.0,0.0,0.0],"ExOutput":[true,true],"THidden":[0.0,0.0,0.0]},{"ConH2H":[[0.7531314383538887,0.4594953608694803,0.4312846700665991],[0.41307094899359265,-0.9618151925691397,0.04997481120378322],[-0.8696122545807525,-0.022113681127029827,0.36409823971966015]],"ConH2O":[[0.8332677912272723,0.7800373599360884],[-0.7216100023851373,0.9787249997528944],[-0.10795314693117619,0.029318915070082552]],"ConI2H":[[0.6351229662406415,-0.07551004115461046,0.2654774004750371],[0.6493947739607888,0.40441329785938773,0.9088298062756428],[-0.42136759364055265,0.028869332341752152,-0.1719430341092022]],"ExHidden":[true,true,true],"ExInput":[0.0,0.0,0.0],"ExOutput":[true,true],"THidden":[0.0,0.0,0.0]},{"ConH2H":[[0.6728397597354854,0.6574159044458872,-0.8365247815307006],[0.25914367290506957,-0.5729064013427629,-0.2223535246600329],[0.8950901244275735,-0.4615705162954674,-0.4319299261455992]],"ConH2O":[[0.567730405688841,-0.4356882292900499],[-0.9773675471389667,0.9664715958370782],[0.6394521872359389,-0.20371261897241488]],"ConI2H":[[-0.12054887436241368,0.6132998346172567,-0.5769620856380127],[-0.6927910407014883,0.23270073147787596,-0.9982420010470291],[0.45466998054461727,-0.16455256831401488,0.3611239679563958]],"ExHidden":[true,true,true],"ExInput":[0.0,0.0,0.0],"ExOutput":[true,true],"THidden":[0.0,0.0,0.0]},{"ConH2H":[[-0.3624442397946831,-0.7651261296731342,0.05224655365088693],[0.1759778267982317,0.40597882376578176,-0.6766245826460229],[0.7204513914936934,0.1136715653603313,-0.3679853236572711]],"ConH2O":[[0.057096535519164604,0.17623824392163856],[-0.13830441573655305,-0.25954744871771407],[-0.10626811507460698,-0.22433756268438076]],"ConI2H":[[-0.6462392630476776,-0.6845376406388198,-0.48566268803339985],[-0.7967252447857764,0.26943487905789687,0.5895396259478731],[0.5058808263411034,0.2668598135340776,0.19643327244825093]],"ExHidden":[true,true,true],"ExInput":[0.0,0.0,0.0],"ExOutput":[true,true],"THidden":[0.0,0.0,0.0]},{"ConH2H":[[-0.699212221161192,-0.3123648824563868,0.04561542681169284],[-0.9700988625556791,0.2859577718751203,0.8356954384425952],[0.9401733486045027,0.6879507377135416,-0.08849680460474751]],"ConH2O":[[-0.9558325997914479,0.4138999018582039],[-0.1267231008213916,0.5034201863089962],[0.39135830512539593,0.5077254928529609]],"ConI2H":[[-0.8434735839852882,-0.4921554374717301,0.3524738429340144],[0.4572167275204817,0.8895056467598987,0.880326240641087],[-0.07913165423792934,0.3227109935505841,0.21127940771459808]],"ExHidden":[true,true,true],"ExInput":[0.0,0.0,0.0],"ExOutput":[true,true],"THidden":[0.0,0.0,0.0]},{"ConH2H":[[0.4186396934815617,-0.43942215377535754,-0.2561806267502238],[-0.37966212322335724,-0.7924054318881202,0.5517606577581919],[-0.8894424193247755,-0.679452161871658,-0.4059557800015361]],"ConH2O":[[-0.04439136571603719,0.03997697261826949],[-0.699376933512173,0.6673642694515236],[0.15555199221818672,-0.3376500892047636]],"ConI2H":[[-0.9914921539093491,-0.8401662310068264,0.8066023671717228],[0.49335829473692017,-0.9873166201178831,0.03695684543041877],[0.0880454249259972,-0.5683482160592608,0.2537227409328262]],"ExHidden":[true,true,true],"ExInput":[0.0,0.0,0.0],"ExOutput":[true,true],"THidden":[0.0,0.0,0.0]},{"ConH2H":[[-0.7481343654361767,0.9080569916040815,0.6762032788555401],[-0.4819716154669591,-0.15132825067248268,0.7958284752526101],[0.5212345875481339,-0.09629754014447445,0.3310069102743891]],"ConH2O":[[-0.5808753887790296,0.09394967295939605],[-0.6480514841545113,-0.13618343466597072],[0.37482897700493734,0.6724131182280584]],"ConI2H":[[0.973765977687427,-0.9966851681976505,-0.9412890403392692],[-0.020696594047496242,0.4779174551871517,0.07253353833394649],[-0.7549862141901613,-0.6234484060202657,0.22825103959028592]],"ExHidden":[true,true,true],"ExInput":[0.0,0.0,0.0],"ExOutput":[true,true],"THidden":[0.0,0.0,0.0]},{"ConH2H":[[0.30524384031802976,-0.2570685070384835,-0.5326170039435996],[-0.6681449273742115,-0.6804846030998792,0.32398702238837784],[0.8983142953582659,0.24209127456533897,-0.9641109602992293]],"ConH2O":[[0.44374327178791995,-0.8926112180538748],[0.038349728547020234,-0.8692874648583525],[0.9543604146662639,-0.34188779338649133]],"ConI2H":[[0.9466924062653721,-0.8392938373700329,0.5388747584383182],[-0.4996894556709184,0.5382281140404623,0.49850323144202924],[0.3633315610096184,-0.9272647622697936,-0.5566653658878928]],"ExHidden":[true,true,true],"ExInput":[0.0,0.0,0.0],"ExOutput":[true,true],"THidden":[0.0,0.0,0.0]}]}